<?xml version="1.0" encoding="UTF-8"?>
<project-private xmlns="http://www.netbeans.org/ns/project-private/1">
    <editor-bookmarks xmlns="http://www.netbeans.org/ns/editor-bookmarks/1"/>
    <editor-bookmarks xmlns="http://www.netbeans.org/ns/editor-bookmarks/2" lastBookmarkId="0"/>
    <open-files xmlns="http://www.netbeans.org/ns/projectui-open-files/2">
        <group>
            <file>file:/C:/Users/Andre/Desktop/BookShop/build/web/jsp/thankyou.jsp</file>
            <file>file:/C:/Users/Andre/Desktop/BookShop/build/web/jsp/error.jsp</file>
            <file>file:/C:/Users/Andre/Desktop/BookShop/src/java/dispatchers/AddToCartDispatcher.java</file>
            <file>file:/C:/Users/Andre/Desktop/BookShop/build/web/jsp/checkout.jsp</file>
            <file>file:/C:/Users/Andre/Desktop/BookShop/build/web/index.jsp</file>
            <file>file:/C:/Users/Andre/Desktop/BookShop/build/web/jsp/titles.jsp</file>
            <file>file:/C:/Users/Andre/Desktop/BookShop/src/java/dispatchers/UpdateCartDispatcher.java</file>
            <file>file:/C:/Users/Andre/Desktop/BookShop/build/web/jsp/footer.jsp</file>
            <file>file:/C:/Users/Andre/Desktop/BookShop/build/web/jsp/final.jsp</file>
            <file>file:/C:/Users/Andre/Desktop/BookShop/build/web/jsp/header.jsp</file>
        </group>
    </open-files>
</project-private>
